{
  "min": 63.970193740685545,
  "max": 12118.055865921788
}