{
  "Units": {
    "min": 1.0,
    "max": 6.0
  },
  "Final Price": {
    "min": 40518.0,
    "max": 2428000.0
  },
  "Area m2": {
    "min": 174.0,
    "max": 1000.0
  },
  "Price per m2": {
    "min": 63.970193740685545,
    "max": 12118.055865921788
  },
  "dist_to_kindergarten": {
    "min": 9.938659932424969,
    "max": 45294.476767023225
  },
  "dist_to_school": {
    "min": 38.90732005374814,
    "max": 6809.614882769112
  },
  "dist_to_university": {
    "min": 216.30086861246707,
    "max": 31328.4188024667
  },
  "dist_to_bus_stop": {
    "min": 11.420010150013669,
    "max": 2200.9809214103125
  },
  "dist_to_train_station": {
    "min": 439.82978644082215,
    "max": 55449.97693857542
  },
  "dist_to_park": {
    "min": 6.080780311285344,
    "max": 3533.277773882014
  },
  "dist_to_mall": {
    "min": 46.28746864192485,
    "max": 14354.456467628226
  },
  "dist_to_supermarket": {
    "min": 148.33141325891572,
    "max": 5706.371372794814
  },
  "dist_to_beach": {
    "min": 311.2421345650782,
    "max": 82739.17208873609
  },
  "dist_to_place_of_worship": {
    "min": 7.507619152582955,
    "max": 5895.570487433324
  }
}